 <!-- 侧边音量键 -->
 <dimen name="miui_volume_column_width">20dp</dimen>侧音量宽度20
 <dimen name="miui_volume_bg_radius">20dp</dimen>侧音量圆角33
 <dimen name="miui_volume_silence_button_height">20dp</dimen>侧音量静音图标大小高度20
 <dimen name="miui_volume_ringer_icon_size">20dp</dimen>侧音量静音图标大小30.5
 <dimen name="miui_volume_button_size">20dp</dimen>侧音量三点唤出更多音量图标大小32
 <dimen name="miui_volume_footer_margin_top">8dp</dimen>侧音量条下方区域空白间隔8
 <dimen name="miui_volume_column_height">200dp</dimen>侧音量条高度186.6
 <dimen name="miui_volume_column_width_expanded">28dp</dimen>
 <dimen name="miui_volume_button_size">20dp</dimen>

<!-- 状态栏图标3*5  -->
<integer name="expanded_status_bar_toggles_rows">5</integer>通知栏快捷图标单排列数
<integer name="quick_settings_num_columns">5</integer> MIUI10下拉状态栏快捷图标列数
 <integer name="quick_settings_num_rows_portrait">3</integer> MIUI10下拉状态栏快捷图标行数
 <!-- 亮度条 -->
 <dimen name="qs_brightness_dialog_height">30dp</dimen>亮度条高度
 <dimen name="qs_panel_expand_indicator_width">0dp</dimen>状态栏中间导航条长度
 <dimen name="qs_panel_expand_indicator_height">3dp</dimen>状态栏中间导航条高度
 <!--时间格式代码-->
 <string name="fmt_time_24hour_minute"package="miui">HH:mm</string>
 <string name="lock_screen_date">M月d日 EE N月e t</string>
 <string name="lock_screen_date_12">M月d日 EEaa N月e t</string>
<!-- 顶栏时间大小 -->
 <dimen name="notch_expanded_clock_size">33dp</dimen>时钟大小
 <dimen name="expanded_weather_size">8sp</dimen>日期大小
 <!-- 亮度条‖间距 -->
 <dimen name="qs_brightness_top_margin">3dp</dimen>
 <!-- 亮度条‖圆角 -->
 <dimen name="panel_content_corner_radius">10dp</dimen>
 <!-- 亮度条‖颜色 -->
 <color name="qs_brightness_progress_color"></color>#亮度条颜色 <color name="qs_brightness_background_color"></color>亮度条背景颜色
 <!-- 导航栏‖颜色 -->
 <color name="qs_panel_expand_indicator_color">#e61e90FF</color>
 <!--浮动通知圆角-->
 <dimen name="notification_heads_up_bg_radius">6dp</dimen>#悬浮通知圆角10
 <dimen name="float_notification_content_width">-1</dimen>#悬浮通知内容宽度372.4dp
 <dimen name="float_notification_panel_width">20dp</dimen>#悬浮通知面板高度

<!--其他-->
<color name="qs_brightness_background_color">#33ebebeb</color>
<color name="notification_panel_background">#b2ffffff</color>
<color name="notification_panel_background_keyguard">#b2ffffff</color>
<color name="qs_panel_background_color">#b2ffffff</color>
<color name="qs_brightness_progress_color">#99ffffff</color>
隐藏HD
<bool name="status_bar_hide_volte">true</bool>
